upi_id,amount,transaction_id,timestamp,merchant,is_fraud
upi_id_52,14370,txn_1,2024-01-01 00:00:00,Merchant C,0
upi_id_93,12911,txn_2,2024-01-01 01:00:00,Merchant A,0
upi_id_15,7944,txn_3,2024-01-01 02:00:00,Merchant A,0
upi_id_72,12200,txn_4,2024-01-01 03:00:00,Merchant A,0
upi_id_61,15729,txn_5,2024-01-01 04:00:00,Merchant C,0
upi_id_21,23276,txn_6,2024-01-01 05:00:00,Merchant B,1
upi_id_83,6739,txn_7,2024-01-01 06:00:00,Merchant C,0
upi_id_87,15914,txn_8,2024-01-01 07:00:00,Merchant C,0
upi_id_75,35241,txn_9,2024-01-01 08:00:00,Merchant B,1
upi_id_75,19124,txn_10,2024-01-01 09:00:00,Merchant A,0
upi_id_88,48448,txn_11,2024-01-01 10:00:00,Merchant A,1
upi_id_100,34530,txn_12,2024-01-01 11:00:00,Merchant C,1
upi_id_24,10168,txn_13,2024-01-01 12:00:00,Merchant A,0
upi_id_3,10555,txn_14,2024-01-01 13:00:00,Merchant C,0
upi_id_22,17261,txn_15,2024-01-01 14:00:00,Merchant C,0
upi_id_53,47046,txn_16,2024-01-01 15:00:00,Merchant B,1
upi_id_2,3813,txn_17,2024-01-01 16:00:00,Merchant B,0
upi_id_88,28025,txn_18,2024-01-01 17:00:00,Merchant B,1
upi_id_30,27286,txn_19,2024-01-01 18:00:00,Merchant C,1
upi_id_38,26901,txn_20,2024-01-01 19:00:00,Merchant B,1
upi_id_2,1606,txn_21,2024-01-01 20:00:00,Merchant A,0
upi_id_64,5623,txn_22,2024-01-01 21:00:00,Merchant A,0
upi_id_60,6768,txn_23,2024-01-01 22:00:00,Merchant C,0
upi_id_21,27140,txn_24,2024-01-01 23:00:00,Merchant C,1
upi_id_33,11614,txn_25,2024-01-02 00:00:00,Merchant B,0
upi_id_76,10590,txn_26,2024-01-02 01:00:00,Merchant C,0
upi_id_58,13919,txn_27,2024-01-02 02:00:00,Merchant C,0
upi_id_22,20120,txn_28,2024-01-02 03:00:00,Merchant A,1
upi_id_89,27447,txn_29,2024-01-02 04:00:00,Merchant A,1
upi_id_49,13047,txn_30,2024-01-02 05:00:00,Merchant B,0
upi_id_91,24819,txn_31,2024-01-02 06:00:00,Merchant C,1
upi_id_59,35359,txn_32,2024-01-02 07:00:00,Merchant C,1
upi_id_42,4325,txn_33,2024-01-02 08:00:00,Merchant A,0
upi_id_92,10788,txn_34,2024-01-02 09:00:00,Merchant C,0
upi_id_60,9112,txn_35,2024-01-02 10:00:00,Merchant A,0
upi_id_80,38111,txn_36,2024-01-02 11:00:00,Merchant B,1
upi_id_15,16390,txn_37,2024-01-02 12:00:00,Merchant A,0
upi_id_62,41428,txn_38,2024-01-02 13:00:00,Merchant C,1
upi_id_62,14044,txn_39,2024-01-02 14:00:00,Merchant B,0
upi_id_47,28747,txn_40,2024-01-02 15:00:00,Merchant A,1
upi_id_62,22351,txn_41,2024-01-02 16:00:00,Merchant A,1
upi_id_51,41606,txn_42,2024-01-02 17:00:00,Merchant B,1
upi_id_55,118,txn_43,2024-01-02 18:00:00,Merchant B,0
upi_id_64,46686,txn_44,2024-01-02 19:00:00,Merchant A,1
upi_id_3,18936,txn_45,2024-01-02 20:00:00,Merchant C,0
upi_id_51,47078,txn_46,2024-01-02 21:00:00,Merchant A,1
upi_id_7,13235,txn_47,2024-01-02 22:00:00,Merchant B,0
upi_id_21,38329,txn_48,2024-01-02 23:00:00,Merchant A,1
upi_id_73,847,txn_49,2024-01-03 00:00:00,Merchant B,0
upi_id_39,10955,txn_50,2024-01-03 01:00:00,Merchant B,0
upi_id_18,13704,txn_51,2024-01-03 02:00:00,Merchant C,0
upi_id_4,48154,txn_52,2024-01-03 03:00:00,Merchant B,1
upi_id_89,46515,txn_53,2024-01-03 04:00:00,Merchant B,1
upi_id_60,22701,txn_54,2024-01-03 05:00:00,Merchant C,1
upi_id_14,32044,txn_55,2024-01-03 06:00:00,Merchant B,1
upi_id_9,6470,txn_56,2024-01-03 07:00:00,Merchant C,0
upi_id_90,30106,txn_57,2024-01-03 08:00:00,Merchant C,1
upi_id_53,42102,txn_58,2024-01-03 09:00:00,Merchant B,1
upi_id_2,26387,txn_59,2024-01-03 10:00:00,Merchant B,1
upi_id_84,49377,txn_60,2024-01-03 11:00:00,Merchant A,1
upi_id_92,45588,txn_61,2024-01-03 12:00:00,Merchant C,1
upi_id_60,36977,txn_62,2024-01-03 13:00:00,Merchant A,1
upi_id_71,39052,txn_63,2024-01-03 14:00:00,Merchant B,1
upi_id_44,2049,txn_64,2024-01-03 15:00:00,Merchant A,0
upi_id_8,39002,txn_65,2024-01-03 16:00:00,Merchant C,1
upi_id_47,12942,txn_66,2024-01-03 17:00:00,Merchant A,0
upi_id_35,45376,txn_67,2024-01-03 18:00:00,Merchant C,1
upi_id_78,42534,txn_68,2024-01-03 19:00:00,Merchant B,1
upi_id_81,1829,txn_69,2024-01-03 20:00:00,Merchant B,0
upi_id_36,1918,txn_70,2024-01-03 21:00:00,Merchant C,0
upi_id_50,20619,txn_71,2024-01-03 22:00:00,Merchant B,1
upi_id_4,32255,txn_72,2024-01-03 23:00:00,Merchant B,1
upi_id_2,39757,txn_73,2024-01-04 00:00:00,Merchant B,1
upi_id_6,47363,txn_74,2024-01-04 01:00:00,Merchant B,1
upi_id_54,20129,txn_75,2024-01-04 02:00:00,Merchant C,1
upi_id_4,45746,txn_76,2024-01-04 03:00:00,Merchant A,1
upi_id_54,10,txn_77,2024-01-04 04:00:00,Merchant A,0
upi_id_93,16645,txn_78,2024-01-04 05:00:00,Merchant B,0
upi_id_63,22423,txn_79,2024-01-04 06:00:00,Merchant A,1
upi_id_18,9866,txn_80,2024-01-04 07:00:00,Merchant A,0
upi_id_90,2220,txn_81,2024-01-04 08:00:00,Merchant B,0
upi_id_44,39810,txn_82,2024-01-04 09:00:00,Merchant B,1
upi_id_34,5288,txn_83,2024-01-04 10:00:00,Merchant A,0
upi_id_74,34388,txn_84,2024-01-04 11:00:00,Merchant C,1
upi_id_62,8513,txn_85,2024-01-04 12:00:00,Merchant B,0
upi_id_100,1343,txn_86,2024-01-04 13:00:00,Merchant C,0
upi_id_14,43337,txn_87,2024-01-04 14:00:00,Merchant A,1
upi_id_95,19217,txn_88,2024-01-04 15:00:00,Merchant B,0
upi_id_48,27535,txn_89,2024-01-04 16:00:00,Merchant C,1
upi_id_15,14232,txn_90,2024-01-04 17:00:00,Merchant B,0
upi_id_72,32294,txn_91,2024-01-04 18:00:00,Merchant A,1
upi_id_78,26615,txn_92,2024-01-04 19:00:00,Merchant C,1
upi_id_87,36259,txn_93,2024-01-04 20:00:00,Merchant A,1
upi_id_62,28254,txn_94,2024-01-04 21:00:00,Merchant A,1
upi_id_40,42079,txn_95,2024-01-04 22:00:00,Merchant B,1
upi_id_85,40753,txn_96,2024-01-04 23:00:00,Merchant C,1
upi_id_80,17989,txn_97,2024-01-05 00:00:00,Merchant A,0
upi_id_82,31038,txn_98,2024-01-05 01:00:00,Merchant A,1
upi_id_53,12220,txn_99,2024-01-05 02:00:00,Merchant C,0
upi_id_24,236,txn_100,2024-01-05 03:00:00,Merchant A,0
upi_id_26,42930,txn_101,2024-01-05 04:00:00,Merchant A,1
upi_id_89,1909,txn_102,2024-01-05 05:00:00,Merchant C,0
upi_id_60,8568,txn_103,2024-01-05 06:00:00,Merchant C,0
upi_id_41,36299,txn_104,2024-01-05 07:00:00,Merchant C,1
upi_id_29,5257,txn_105,2024-01-05 08:00:00,Merchant C,0
upi_id_15,19020,txn_106,2024-01-05 09:00:00,Merchant B,0
upi_id_45,8163,txn_107,2024-01-05 10:00:00,Merchant C,0
upi_id_65,5416,txn_108,2024-01-05 11:00:00,Merchant B,0
upi_id_89,36160,txn_109,2024-01-05 12:00:00,Merchant B,1
upi_id_71,43926,txn_110,2024-01-05 13:00:00,Merchant B,1
upi_id_9,5952,txn_111,2024-01-05 14:00:00,Merchant A,0
upi_id_88,21853,txn_112,2024-01-05 15:00:00,Merchant B,1
upi_id_1,8008,txn_113,2024-01-05 16:00:00,Merchant B,0
upi_id_8,41833,txn_114,2024-01-05 17:00:00,Merchant A,1
upi_id_88,30524,txn_115,2024-01-05 18:00:00,Merchant A,1
upi_id_63,23326,txn_116,2024-01-05 19:00:00,Merchant A,1
upi_id_11,21205,txn_117,2024-01-05 20:00:00,Merchant C,1
upi_id_81,15525,txn_118,2024-01-05 21:00:00,Merchant A,0
upi_id_8,19283,txn_119,2024-01-05 22:00:00,Merchant A,0
upi_id_35,23931,txn_120,2024-01-05 23:00:00,Merchant B,1
upi_id_35,78,txn_121,2024-01-06 00:00:00,Merchant A,0
upi_id_33,40346,txn_122,2024-01-06 01:00:00,Merchant C,1
upi_id_5,20612,txn_123,2024-01-06 02:00:00,Merchant A,1
upi_id_41,16985,txn_124,2024-01-06 03:00:00,Merchant C,0
upi_id_28,14061,txn_125,2024-01-06 04:00:00,Merchant A,0
upi_id_7,17450,txn_126,2024-01-06 05:00:00,Merchant A,0
upi_id_73,18521,txn_127,2024-01-06 06:00:00,Merchant A,0
upi_id_72,43304,txn_128,2024-01-06 07:00:00,Merchant A,1
upi_id_12,9511,txn_129,2024-01-06 08:00:00,Merchant C,0
upi_id_34,29288,txn_130,2024-01-06 09:00:00,Merchant C,1
upi_id_33,28174,txn_131,2024-01-06 10:00:00,Merchant B,1
upi_id_48,39712,txn_132,2024-01-06 11:00:00,Merchant C,1
upi_id_23,11955,txn_133,2024-01-06 12:00:00,Merchant A,0
upi_id_62,7805,txn_134,2024-01-06 13:00:00,Merchant B,0
upi_id_88,6566,txn_135,2024-01-06 14:00:00,Merchant B,0
upi_id_37,5985,txn_136,2024-01-06 15:00:00,Merchant B,0
upi_id_99,21527,txn_137,2024-01-06 16:00:00,Merchant A,1
upi_id_44,37439,txn_138,2024-01-06 17:00:00,Merchant C,1
upi_id_86,18575,txn_139,2024-01-06 18:00:00,Merchant A,0
upi_id_91,9185,txn_140,2024-01-06 19:00:00,Merchant B,0
upi_id_35,19097,txn_141,2024-01-06 20:00:00,Merchant A,0
upi_id_65,2193,txn_142,2024-01-06 21:00:00,Merchant A,0
upi_id_99,34017,txn_143,2024-01-06 22:00:00,Merchant C,1
upi_id_47,11247,txn_144,2024-01-06 23:00:00,Merchant C,0
upi_id_78,45559,txn_145,2024-01-07 00:00:00,Merchant B,1
upi_id_3,18382,txn_146,2024-01-07 01:00:00,Merchant A,0
upi_id_1,36456,txn_147,2024-01-07 02:00:00,Merchant A,1
upi_id_5,26728,txn_148,2024-01-07 03:00:00,Merchant C,1
upi_id_90,4019,txn_149,2024-01-07 04:00:00,Merchant A,0
upi_id_14,11303,txn_150,2024-01-07 05:00:00,Merchant A,0
upi_id_27,1971,txn_151,2024-01-07 06:00:00,Merchant A,0
upi_id_9,41158,txn_152,2024-01-07 07:00:00,Merchant C,1
upi_id_79,27203,txn_153,2024-01-07 08:00:00,Merchant B,1
upi_id_15,31111,txn_154,2024-01-07 09:00:00,Merchant B,1
upi_id_90,17587,txn_155,2024-01-07 10:00:00,Merchant A,0
upi_id_42,24520,txn_156,2024-01-07 11:00:00,Merchant B,1
upi_id_77,31274,txn_157,2024-01-07 12:00:00,Merchant C,1
upi_id_51,21952,txn_158,2024-01-07 13:00:00,Merchant C,1
upi_id_63,15375,txn_159,2024-01-07 14:00:00,Merchant B,0
upi_id_96,5789,txn_160,2024-01-07 15:00:00,Merchant B,0
upi_id_52,5409,txn_161,2024-01-07 16:00:00,Merchant A,0
upi_id_96,25054,txn_162,2024-01-07 17:00:00,Merchant B,1
upi_id_4,9447,txn_163,2024-01-07 18:00:00,Merchant A,0
upi_id_94,923,txn_164,2024-01-07 19:00:00,Merchant A,0
upi_id_23,33188,txn_165,2024-01-07 20:00:00,Merchant C,1
upi_id_15,10790,txn_166,2024-01-07 21:00:00,Merchant C,0
upi_id_43,32185,txn_167,2024-01-07 22:00:00,Merchant C,1
upi_id_29,1121,txn_168,2024-01-07 23:00:00,Merchant C,0
upi_id_36,44029,txn_169,2024-01-08 00:00:00,Merchant B,1
upi_id_13,32155,txn_170,2024-01-08 01:00:00,Merchant C,1
upi_id_32,17335,txn_171,2024-01-08 02:00:00,Merchant B,0
upi_id_71,2337,txn_172,2024-01-08 03:00:00,Merchant C,0
upi_id_59,38142,txn_173,2024-01-08 04:00:00,Merchant B,1
upi_id_86,2244,txn_174,2024-01-08 05:00:00,Merchant A,0
upi_id_28,19030,txn_175,2024-01-08 06:00:00,Merchant B,0
upi_id_66,32266,txn_176,2024-01-08 07:00:00,Merchant B,1
upi_id_42,37381,txn_177,2024-01-08 08:00:00,Merchant C,1
upi_id_45,46715,txn_178,2024-01-08 09:00:00,Merchant B,1
upi_id_62,43873,txn_179,2024-01-08 10:00:00,Merchant A,1
upi_id_57,46198,txn_180,2024-01-08 11:00:00,Merchant A,1
upi_id_6,23711,txn_181,2024-01-08 12:00:00,Merchant C,1
upi_id_28,29487,txn_182,2024-01-08 13:00:00,Merchant A,1
upi_id_28,6372,txn_183,2024-01-08 14:00:00,Merchant B,0
upi_id_44,6360,txn_184,2024-01-08 15:00:00,Merchant A,0
upi_id_84,40632,txn_185,2024-01-08 16:00:00,Merchant C,1
upi_id_30,35997,txn_186,2024-01-08 17:00:00,Merchant B,1
upi_id_62,20104,txn_187,2024-01-08 18:00:00,Merchant C,1
upi_id_75,14383,txn_188,2024-01-08 19:00:00,Merchant B,0
upi_id_92,18756,txn_189,2024-01-08 20:00:00,Merchant A,0
upi_id_89,35660,txn_190,2024-01-08 21:00:00,Merchant C,1
upi_id_62,3757,txn_191,2024-01-08 22:00:00,Merchant C,0
upi_id_97,20610,txn_192,2024-01-08 23:00:00,Merchant B,1
upi_id_1,48539,txn_193,2024-01-09 00:00:00,Merchant C,1
upi_id_27,16479,txn_194,2024-01-09 01:00:00,Merchant B,0
upi_id_62,35443,txn_195,2024-01-09 02:00:00,Merchant B,1
upi_id_77,39667,txn_196,2024-01-09 03:00:00,Merchant B,1
upi_id_3,10148,txn_197,2024-01-09 04:00:00,Merchant B,0
upi_id_70,33562,txn_198,2024-01-09 05:00:00,Merchant A,1
upi_id_72,34885,txn_199,2024-01-09 06:00:00,Merchant B,1
upi_id_27,5780,txn_200,2024-01-09 07:00:00,Merchant C,0
upi_id_9,12299,txn_201,2024-01-09 08:00:00,Merchant A,0
upi_id_62,14154,txn_202,2024-01-09 09:00:00,Merchant C,0
upi_id_37,43880,txn_203,2024-01-09 10:00:00,Merchant A,1
upi_id_97,10790,txn_204,2024-01-09 11:00:00,Merchant B,0
upi_id_51,44166,txn_205,2024-01-09 12:00:00,Merchant A,1
upi_id_44,13000,txn_206,2024-01-09 13:00:00,Merchant A,0
upi_id_24,815,txn_207,2024-01-09 14:00:00,Merchant C,0
upi_id_79,49498,txn_208,2024-01-09 15:00:00,Merchant C,1
upi_id_59,10542,txn_209,2024-01-09 16:00:00,Merchant B,0
upi_id_32,24939,txn_210,2024-01-09 17:00:00,Merchant A,1
upi_id_96,2444,txn_211,2024-01-09 18:00:00,Merchant A,0
upi_id_88,10458,txn_212,2024-01-09 19:00:00,Merchant A,0
upi_id_52,10381,txn_213,2024-01-09 20:00:00,Merchant B,0
upi_id_62,7784,txn_214,2024-01-09 21:00:00,Merchant B,0
upi_id_58,44242,txn_215,2024-01-09 22:00:00,Merchant B,1
upi_id_52,17369,txn_216,2024-01-09 23:00:00,Merchant B,0
upi_id_12,15329,txn_217,2024-01-10 00:00:00,Merchant B,0
upi_id_39,26216,txn_218,2024-01-10 01:00:00,Merchant C,1
upi_id_2,33596,txn_219,2024-01-10 02:00:00,Merchant A,1
upi_id_3,27307,txn_220,2024-01-10 03:00:00,Merchant A,1
upi_id_56,19916,txn_221,2024-01-10 04:00:00,Merchant A,0
upi_id_81,39916,txn_222,2024-01-10 05:00:00,Merchant A,1
upi_id_59,37220,txn_223,2024-01-10 06:00:00,Merchant A,1
upi_id_2,15344,txn_224,2024-01-10 07:00:00,Merchant A,0
upi_id_2,46404,txn_225,2024-01-10 08:00:00,Merchant A,1
upi_id_92,38728,txn_226,2024-01-10 09:00:00,Merchant A,1
upi_id_54,127,txn_227,2024-01-10 10:00:00,Merchant C,0
upi_id_87,27633,txn_228,2024-01-10 11:00:00,Merchant A,1
upi_id_96,41564,txn_229,2024-01-10 12:00:00,Merchant C,1
upi_id_97,44410,txn_230,2024-01-10 13:00:00,Merchant B,1
upi_id_1,20531,txn_231,2024-01-10 14:00:00,Merchant A,1
upi_id_19,39965,txn_232,2024-01-10 15:00:00,Merchant B,1
upi_id_2,44328,txn_233,2024-01-10 16:00:00,Merchant B,1
upi_id_53,3369,txn_234,2024-01-10 17:00:00,Merchant B,0
upi_id_44,3798,txn_235,2024-01-10 18:00:00,Merchant C,0
upi_id_90,47883,txn_236,2024-01-10 19:00:00,Merchant B,1
upi_id_32,13719,txn_237,2024-01-10 20:00:00,Merchant B,0
upi_id_70,34561,txn_238,2024-01-10 21:00:00,Merchant B,1
upi_id_32,11054,txn_239,2024-01-10 22:00:00,Merchant A,0
upi_id_68,22117,txn_240,2024-01-10 23:00:00,Merchant A,1
upi_id_55,36245,txn_241,2024-01-11 00:00:00,Merchant C,1
upi_id_75,36186,txn_242,2024-01-11 01:00:00,Merchant C,1
upi_id_56,1646,txn_243,2024-01-11 02:00:00,Merchant A,0
upi_id_17,47524,txn_244,2024-01-11 03:00:00,Merchant C,1
upi_id_38,19257,txn_245,2024-01-11 04:00:00,Merchant A,0
upi_id_24,35841,txn_246,2024-01-11 05:00:00,Merchant B,1
upi_id_69,34623,txn_247,2024-01-11 06:00:00,Merchant B,1
upi_id_98,37431,txn_248,2024-01-11 07:00:00,Merchant C,1
upi_id_70,39283,txn_249,2024-01-11 08:00:00,Merchant A,1
upi_id_86,2709,txn_250,2024-01-11 09:00:00,Merchant A,0
upi_id_11,11695,txn_251,2024-01-11 10:00:00,Merchant C,0
upi_id_16,9525,txn_252,2024-01-11 11:00:00,Merchant A,0
upi_id_97,31881,txn_253,2024-01-11 12:00:00,Merchant B,1
upi_id_73,39225,txn_254,2024-01-11 13:00:00,Merchant C,1
upi_id_59,36981,txn_255,2024-01-11 14:00:00,Merchant C,1
upi_id_70,32410,txn_256,2024-01-11 15:00:00,Merchant A,1
upi_id_80,13225,txn_257,2024-01-11 16:00:00,Merchant C,0
upi_id_93,40739,txn_258,2024-01-11 17:00:00,Merchant A,1
upi_id_3,25151,txn_259,2024-01-11 18:00:00,Merchant A,1
upi_id_20,49689,txn_260,2024-01-11 19:00:00,Merchant A,1
upi_id_59,34394,txn_261,2024-01-11 20:00:00,Merchant A,1
upi_id_36,43083,txn_262,2024-01-11 21:00:00,Merchant A,1
upi_id_19,7974,txn_263,2024-01-11 22:00:00,Merchant C,0
upi_id_90,8578,txn_264,2024-01-11 23:00:00,Merchant B,0
upi_id_67,8071,txn_265,2024-01-12 00:00:00,Merchant B,0
upi_id_19,8667,txn_266,2024-01-12 01:00:00,Merchant C,0
upi_id_20,36369,txn_267,2024-01-12 02:00:00,Merchant C,1
upi_id_96,6784,txn_268,2024-01-12 03:00:00,Merchant B,0
upi_id_71,45995,txn_269,2024-01-12 04:00:00,Merchant B,1
upi_id_52,41915,txn_270,2024-01-12 05:00:00,Merchant B,1
upi_id_33,4972,txn_271,2024-01-12 06:00:00,Merchant B,0
upi_id_40,13491,txn_272,2024-01-12 07:00:00,Merchant B,0
upi_id_39,45720,txn_273,2024-01-12 08:00:00,Merchant A,1
upi_id_82,45081,txn_274,2024-01-12 09:00:00,Merchant C,1
upi_id_1,1991,txn_275,2024-01-12 10:00:00,Merchant A,0
upi_id_11,5300,txn_276,2024-01-12 11:00:00,Merchant B,0
upi_id_92,45766,txn_277,2024-01-12 12:00:00,Merchant B,1
upi_id_57,19957,txn_278,2024-01-12 13:00:00,Merchant B,0
upi_id_89,22360,txn_279,2024-01-12 14:00:00,Merchant A,1
upi_id_50,46241,txn_280,2024-01-12 15:00:00,Merchant A,1
upi_id_23,37149,txn_281,2024-01-12 16:00:00,Merchant B,1
upi_id_31,28735,txn_282,2024-01-12 17:00:00,Merchant A,1
upi_id_94,4758,txn_283,2024-01-12 18:00:00,Merchant A,0
upi_id_42,19098,txn_284,2024-01-12 19:00:00,Merchant B,0
upi_id_99,10396,txn_285,2024-01-12 20:00:00,Merchant A,0
upi_id_7,16242,txn_286,2024-01-12 21:00:00,Merchant C,0
upi_id_16,38357,txn_287,2024-01-12 22:00:00,Merchant C,1
upi_id_90,27697,txn_288,2024-01-12 23:00:00,Merchant C,1
upi_id_60,4945,txn_289,2024-01-13 00:00:00,Merchant C,0
upi_id_2,46164,txn_290,2024-01-13 01:00:00,Merchant B,1
upi_id_1,19817,txn_291,2024-01-13 02:00:00,Merchant B,0
upi_id_48,49841,txn_292,2024-01-13 03:00:00,Merchant B,1
upi_id_12,37012,txn_293,2024-01-13 04:00:00,Merchant C,1
upi_id_69,24918,txn_294,2024-01-13 05:00:00,Merchant C,1
upi_id_37,31196,txn_295,2024-01-13 06:00:00,Merchant A,1
upi_id_32,21567,txn_296,2024-01-13 07:00:00,Merchant A,1
upi_id_9,9917,txn_297,2024-01-13 08:00:00,Merchant C,0
upi_id_99,20807,txn_298,2024-01-13 09:00:00,Merchant C,1
upi_id_19,9985,txn_299,2024-01-13 10:00:00,Merchant C,0
upi_id_48,1760,txn_300,2024-01-13 11:00:00,Merchant C,0
upi_id_80,41950,txn_301,2024-01-13 12:00:00,Merchant A,1
upi_id_3,26839,txn_302,2024-01-13 13:00:00,Merchant C,1
upi_id_20,2483,txn_303,2024-01-13 14:00:00,Merchant A,0
upi_id_24,24443,txn_304,2024-01-13 15:00:00,Merchant C,1
upi_id_54,33720,txn_305,2024-01-13 16:00:00,Merchant C,1
upi_id_33,27966,txn_306,2024-01-13 17:00:00,Merchant C,1
upi_id_24,2080,txn_307,2024-01-13 18:00:00,Merchant A,0
upi_id_75,2718,txn_308,2024-01-13 19:00:00,Merchant A,0
upi_id_72,27953,txn_309,2024-01-13 20:00:00,Merchant B,1
upi_id_36,20909,txn_310,2024-01-13 21:00:00,Merchant C,1
upi_id_38,42461,txn_311,2024-01-13 22:00:00,Merchant B,1
upi_id_84,24862,txn_312,2024-01-13 23:00:00,Merchant B,1
upi_id_99,7312,txn_313,2024-01-14 00:00:00,Merchant A,0
upi_id_89,28072,txn_314,2024-01-14 01:00:00,Merchant A,1
upi_id_99,23571,txn_315,2024-01-14 02:00:00,Merchant B,1
upi_id_25,18450,txn_316,2024-01-14 03:00:00,Merchant C,0
upi_id_93,33537,txn_317,2024-01-14 04:00:00,Merchant A,1
upi_id_18,38259,txn_318,2024-01-14 05:00:00,Merchant C,1
upi_id_82,48303,txn_319,2024-01-14 06:00:00,Merchant C,1
upi_id_66,28866,txn_320,2024-01-14 07:00:00,Merchant B,1
upi_id_54,6646,txn_321,2024-01-14 08:00:00,Merchant B,0
upi_id_35,38001,txn_322,2024-01-14 09:00:00,Merchant B,1
upi_id_80,26738,txn_323,2024-01-14 10:00:00,Merchant B,1
upi_id_61,11486,txn_324,2024-01-14 11:00:00,Merchant A,0
upi_id_41,38566,txn_325,2024-01-14 12:00:00,Merchant A,1
upi_id_100,25523,txn_326,2024-01-14 13:00:00,Merchant B,1
upi_id_33,12343,txn_327,2024-01-14 14:00:00,Merchant A,0
upi_id_68,40807,txn_328,2024-01-14 15:00:00,Merchant B,1
upi_id_33,48771,txn_329,2024-01-14 16:00:00,Merchant C,1
upi_id_14,13088,txn_330,2024-01-14 17:00:00,Merchant C,0
upi_id_21,37642,txn_331,2024-01-14 18:00:00,Merchant C,1
upi_id_48,34250,txn_332,2024-01-14 19:00:00,Merchant B,1
upi_id_20,10094,txn_333,2024-01-14 20:00:00,Merchant C,0
upi_id_8,47191,txn_334,2024-01-14 21:00:00,Merchant A,1
upi_id_7,16439,txn_335,2024-01-14 22:00:00,Merchant C,0
upi_id_67,40412,txn_336,2024-01-14 23:00:00,Merchant C,1
upi_id_17,26400,txn_337,2024-01-15 00:00:00,Merchant C,1
upi_id_33,19847,txn_338,2024-01-15 01:00:00,Merchant A,0
upi_id_48,15709,txn_339,2024-01-15 02:00:00,Merchant B,0
upi_id_76,44040,txn_340,2024-01-15 03:00:00,Merchant A,1
upi_id_59,49985,txn_341,2024-01-15 04:00:00,Merchant B,1
upi_id_86,45369,txn_342,2024-01-15 05:00:00,Merchant B,1
upi_id_22,10999,txn_343,2024-01-15 06:00:00,Merchant C,0
upi_id_30,47064,txn_344,2024-01-15 07:00:00,Merchant B,1
upi_id_38,30679,txn_345,2024-01-15 08:00:00,Merchant A,1
upi_id_51,10683,txn_346,2024-01-15 09:00:00,Merchant A,0
upi_id_54,49149,txn_347,2024-01-15 10:00:00,Merchant B,1
upi_id_8,8520,txn_348,2024-01-15 11:00:00,Merchant C,0
upi_id_27,31481,txn_349,2024-01-15 12:00:00,Merchant C,1
upi_id_27,19695,txn_350,2024-01-15 13:00:00,Merchant A,0
upi_id_98,3301,txn_351,2024-01-15 14:00:00,Merchant C,0
upi_id_21,6723,txn_352,2024-01-15 15:00:00,Merchant B,0
upi_id_30,39987,txn_353,2024-01-15 16:00:00,Merchant B,1
upi_id_97,24161,txn_354,2024-01-15 17:00:00,Merchant A,1
upi_id_28,20060,txn_355,2024-01-15 18:00:00,Merchant B,1
upi_id_64,35823,txn_356,2024-01-15 19:00:00,Merchant A,1
upi_id_97,13576,txn_357,2024-01-15 20:00:00,Merchant B,0
upi_id_69,7971,txn_358,2024-01-15 21:00:00,Merchant A,0
upi_id_61,34912,txn_359,2024-01-15 22:00:00,Merchant C,1
upi_id_48,21592,txn_360,2024-01-15 23:00:00,Merchant B,1
upi_id_19,31822,txn_361,2024-01-16 00:00:00,Merchant B,1
upi_id_4,9504,txn_362,2024-01-16 01:00:00,Merchant A,0
upi_id_35,47918,txn_363,2024-01-16 02:00:00,Merchant A,1
upi_id_64,18923,txn_364,2024-01-16 03:00:00,Merchant B,0
upi_id_49,12176,txn_365,2024-01-16 04:00:00,Merchant A,0
upi_id_17,41125,txn_366,2024-01-16 05:00:00,Merchant B,1
upi_id_44,21390,txn_367,2024-01-16 06:00:00,Merchant C,1
upi_id_92,47839,txn_368,2024-01-16 07:00:00,Merchant A,1
upi_id_30,823,txn_369,2024-01-16 08:00:00,Merchant B,0
upi_id_93,17328,txn_370,2024-01-16 09:00:00,Merchant C,0
upi_id_46,47058,txn_371,2024-01-16 10:00:00,Merchant C,1
upi_id_6,6151,txn_372,2024-01-16 11:00:00,Merchant B,0
upi_id_99,4426,txn_373,2024-01-16 12:00:00,Merchant A,0
upi_id_37,16033,txn_374,2024-01-16 13:00:00,Merchant B,0
upi_id_24,2199,txn_375,2024-01-16 14:00:00,Merchant C,0
upi_id_93,20080,txn_376,2024-01-16 15:00:00,Merchant B,1
upi_id_46,36221,txn_377,2024-01-16 16:00:00,Merchant A,1
upi_id_53,41875,txn_378,2024-01-16 17:00:00,Merchant C,1
upi_id_95,13860,txn_379,2024-01-16 18:00:00,Merchant B,0
upi_id_99,31420,txn_380,2024-01-16 19:00:00,Merchant A,1
upi_id_60,8706,txn_381,2024-01-16 20:00:00,Merchant C,0
upi_id_97,42881,txn_382,2024-01-16 21:00:00,Merchant A,1
upi_id_63,23237,txn_383,2024-01-16 22:00:00,Merchant C,1
upi_id_85,22420,txn_384,2024-01-16 23:00:00,Merchant B,1
upi_id_32,19979,txn_385,2024-01-17 00:00:00,Merchant A,0
upi_id_87,37610,txn_386,2024-01-17 01:00:00,Merchant C,1
upi_id_33,15359,txn_387,2024-01-17 02:00:00,Merchant A,0
upi_id_67,34178,txn_388,2024-01-17 03:00:00,Merchant A,1
upi_id_18,29379,txn_389,2024-01-17 04:00:00,Merchant B,1
upi_id_25,37335,txn_390,2024-01-17 05:00:00,Merchant A,1
upi_id_95,11383,txn_391,2024-01-17 06:00:00,Merchant C,0
upi_id_54,14597,txn_392,2024-01-17 07:00:00,Merchant C,0
upi_id_58,33573,txn_393,2024-01-17 08:00:00,Merchant C,1
upi_id_67,13222,txn_394,2024-01-17 09:00:00,Merchant C,0
upi_id_46,1280,txn_395,2024-01-17 10:00:00,Merchant B,0
upi_id_24,45961,txn_396,2024-01-17 11:00:00,Merchant A,1
upi_id_32,7084,txn_397,2024-01-17 12:00:00,Merchant B,0
upi_id_47,43862,txn_398,2024-01-17 13:00:00,Merchant A,1
upi_id_86,17772,txn_399,2024-01-17 14:00:00,Merchant A,0
upi_id_23,29976,txn_400,2024-01-17 15:00:00,Merchant A,1
upi_id_66,45649,txn_401,2024-01-17 16:00:00,Merchant B,1
upi_id_27,48286,txn_402,2024-01-17 17:00:00,Merchant A,1
upi_id_2,19064,txn_403,2024-01-17 18:00:00,Merchant B,0
upi_id_90,2107,txn_404,2024-01-17 19:00:00,Merchant C,0
upi_id_17,24558,txn_405,2024-01-17 20:00:00,Merchant C,1
upi_id_33,48855,txn_406,2024-01-17 21:00:00,Merchant A,1
upi_id_9,20608,txn_407,2024-01-17 22:00:00,Merchant B,1
upi_id_43,37600,txn_408,2024-01-17 23:00:00,Merchant C,1
upi_id_48,28530,txn_409,2024-01-18 00:00:00,Merchant B,1
upi_id_39,35955,txn_410,2024-01-18 01:00:00,Merchant B,1
upi_id_93,27857,txn_411,2024-01-18 02:00:00,Merchant A,1
upi_id_42,2574,txn_412,2024-01-18 03:00:00,Merchant C,0
upi_id_26,12809,txn_413,2024-01-18 04:00:00,Merchant A,0
upi_id_99,35368,txn_414,2024-01-18 05:00:00,Merchant A,1
upi_id_50,36802,txn_415,2024-01-18 06:00:00,Merchant C,1
upi_id_25,41197,txn_416,2024-01-18 07:00:00,Merchant C,1
upi_id_24,34073,txn_417,2024-01-18 08:00:00,Merchant B,1
upi_id_13,23753,txn_418,2024-01-18 09:00:00,Merchant C,1
upi_id_60,17686,txn_419,2024-01-18 10:00:00,Merchant B,0
upi_id_7,41402,txn_420,2024-01-18 11:00:00,Merchant B,1
upi_id_57,11373,txn_421,2024-01-18 12:00:00,Merchant B,0
upi_id_36,8997,txn_422,2024-01-18 13:00:00,Merchant C,0
upi_id_45,16459,txn_423,2024-01-18 14:00:00,Merchant A,0
upi_id_20,31890,txn_424,2024-01-18 15:00:00,Merchant B,1
upi_id_65,26666,txn_425,2024-01-18 16:00:00,Merchant A,1
upi_id_8,38244,txn_426,2024-01-18 17:00:00,Merchant A,1
upi_id_16,31654,txn_427,2024-01-18 18:00:00,Merchant C,1
upi_id_14,26658,txn_428,2024-01-18 19:00:00,Merchant A,1
upi_id_76,39953,txn_429,2024-01-18 20:00:00,Merchant A,1
upi_id_87,22181,txn_430,2024-01-18 21:00:00,Merchant C,1
upi_id_15,31897,txn_431,2024-01-18 22:00:00,Merchant B,1
upi_id_92,12876,txn_432,2024-01-18 23:00:00,Merchant A,0
upi_id_98,1623,txn_433,2024-01-19 00:00:00,Merchant C,0
upi_id_66,48757,txn_434,2024-01-19 01:00:00,Merchant A,1
upi_id_32,40810,txn_435,2024-01-19 02:00:00,Merchant A,1
upi_id_87,16726,txn_436,2024-01-19 03:00:00,Merchant B,0
upi_id_63,40761,txn_437,2024-01-19 04:00:00,Merchant A,1
upi_id_86,15647,txn_438,2024-01-19 05:00:00,Merchant C,0
upi_id_51,17030,txn_439,2024-01-19 06:00:00,Merchant A,0
upi_id_25,29403,txn_440,2024-01-19 07:00:00,Merchant B,1
upi_id_58,4264,txn_441,2024-01-19 08:00:00,Merchant B,0
upi_id_63,30988,txn_442,2024-01-19 09:00:00,Merchant C,1
upi_id_62,46829,txn_443,2024-01-19 10:00:00,Merchant B,1
upi_id_22,47925,txn_444,2024-01-19 11:00:00,Merchant A,1
upi_id_58,8647,txn_445,2024-01-19 12:00:00,Merchant B,0
upi_id_58,27530,txn_446,2024-01-19 13:00:00,Merchant C,1
upi_id_86,11665,txn_447,2024-01-19 14:00:00,Merchant B,0
upi_id_49,35738,txn_448,2024-01-19 15:00:00,Merchant B,1
upi_id_52,35797,txn_449,2024-01-19 16:00:00,Merchant B,1
upi_id_42,24028,txn_450,2024-01-19 17:00:00,Merchant C,1
upi_id_70,29374,txn_451,2024-01-19 18:00:00,Merchant B,1
upi_id_15,36398,txn_452,2024-01-19 19:00:00,Merchant B,1
upi_id_54,20610,txn_453,2024-01-19 20:00:00,Merchant A,1
upi_id_60,35836,txn_454,2024-01-19 21:00:00,Merchant C,1
upi_id_97,38710,txn_455,2024-01-19 22:00:00,Merchant B,1
upi_id_8,19251,txn_456,2024-01-19 23:00:00,Merchant C,0
upi_id_53,21173,txn_457,2024-01-20 00:00:00,Merchant B,1
upi_id_60,11556,txn_458,2024-01-20 01:00:00,Merchant B,0
upi_id_5,21875,txn_459,2024-01-20 02:00:00,Merchant B,1
upi_id_68,13082,txn_460,2024-01-20 03:00:00,Merchant A,0
upi_id_6,24064,txn_461,2024-01-20 04:00:00,Merchant A,1
upi_id_96,6820,txn_462,2024-01-20 05:00:00,Merchant A,0
upi_id_94,25713,txn_463,2024-01-20 06:00:00,Merchant C,1
upi_id_47,24763,txn_464,2024-01-20 07:00:00,Merchant C,1
upi_id_99,11047,txn_465,2024-01-20 08:00:00,Merchant A,0
upi_id_55,31464,txn_466,2024-01-20 09:00:00,Merchant C,1
upi_id_40,28770,txn_467,2024-01-20 10:00:00,Merchant B,1
upi_id_52,23151,txn_468,2024-01-20 11:00:00,Merchant B,1
upi_id_16,2712,txn_469,2024-01-20 12:00:00,Merchant B,0
upi_id_13,4854,txn_470,2024-01-20 13:00:00,Merchant A,0
upi_id_30,29078,txn_471,2024-01-20 14:00:00,Merchant C,1
upi_id_19,23864,txn_472,2024-01-20 15:00:00,Merchant A,1
upi_id_17,21793,txn_473,2024-01-20 16:00:00,Merchant C,1
upi_id_63,40484,txn_474,2024-01-20 17:00:00,Merchant B,1
upi_id_19,8943,txn_475,2024-01-20 18:00:00,Merchant A,0
upi_id_92,48276,txn_476,2024-01-20 19:00:00,Merchant C,1
upi_id_58,48595,txn_477,2024-01-20 20:00:00,Merchant C,1
upi_id_55,1763,txn_478,2024-01-20 21:00:00,Merchant B,0
upi_id_90,31988,txn_479,2024-01-20 22:00:00,Merchant A,1
upi_id_90,15851,txn_480,2024-01-20 23:00:00,Merchant A,0
upi_id_62,12113,txn_481,2024-01-21 00:00:00,Merchant A,0
upi_id_23,24059,txn_482,2024-01-21 01:00:00,Merchant B,1
upi_id_9,45421,txn_483,2024-01-21 02:00:00,Merchant A,1
upi_id_12,38891,txn_484,2024-01-21 03:00:00,Merchant B,1
upi_id_1,482,txn_485,2024-01-21 04:00:00,Merchant B,0
upi_id_58,47305,txn_486,2024-01-21 05:00:00,Merchant B,1
upi_id_1,32922,txn_487,2024-01-21 06:00:00,Merchant C,1
upi_id_34,40386,txn_488,2024-01-21 07:00:00,Merchant A,1
upi_id_96,1525,txn_489,2024-01-21 08:00:00,Merchant A,0
upi_id_48,34889,txn_490,2024-01-21 09:00:00,Merchant B,1
upi_id_89,15049,txn_491,2024-01-21 10:00:00,Merchant B,0
upi_id_1,35112,txn_492,2024-01-21 11:00:00,Merchant A,1
upi_id_16,37905,txn_493,2024-01-21 12:00:00,Merchant B,1
upi_id_61,34009,txn_494,2024-01-21 13:00:00,Merchant A,1
upi_id_64,61,txn_495,2024-01-21 14:00:00,Merchant C,0
upi_id_63,9131,txn_496,2024-01-21 15:00:00,Merchant B,0
upi_id_69,18024,txn_497,2024-01-21 16:00:00,Merchant A,0
upi_id_22,45081,txn_498,2024-01-21 17:00:00,Merchant B,1
upi_id_93,13351,txn_499,2024-01-21 18:00:00,Merchant A,0
upi_id_67,24355,txn_500,2024-01-21 19:00:00,Merchant A,1
upi_id_76,45187,txn_501,2024-01-21 20:00:00,Merchant B,1
upi_id_26,28146,txn_502,2024-01-21 21:00:00,Merchant C,1
upi_id_16,34021,txn_503,2024-01-21 22:00:00,Merchant A,1
upi_id_51,20588,txn_504,2024-01-21 23:00:00,Merchant A,1
upi_id_86,41132,txn_505,2024-01-22 00:00:00,Merchant A,1
upi_id_57,9651,txn_506,2024-01-22 01:00:00,Merchant C,0
upi_id_29,19934,txn_507,2024-01-22 02:00:00,Merchant C,0
upi_id_78,20582,txn_508,2024-01-22 03:00:00,Merchant B,1
upi_id_92,23394,txn_509,2024-01-22 04:00:00,Merchant C,1
upi_id_69,23052,txn_510,2024-01-22 05:00:00,Merchant B,1
upi_id_47,26213,txn_511,2024-01-22 06:00:00,Merchant B,1
upi_id_94,49083,txn_512,2024-01-22 07:00:00,Merchant C,1
upi_id_62,4091,txn_513,2024-01-22 08:00:00,Merchant B,0
upi_id_69,6961,txn_514,2024-01-22 09:00:00,Merchant C,0
upi_id_76,35773,txn_515,2024-01-22 10:00:00,Merchant B,1
upi_id_16,21521,txn_516,2024-01-22 11:00:00,Merchant C,1
upi_id_90,49482,txn_517,2024-01-22 12:00:00,Merchant C,1
upi_id_90,36409,txn_518,2024-01-22 13:00:00,Merchant B,1
upi_id_48,28471,txn_519,2024-01-22 14:00:00,Merchant A,1
upi_id_85,20492,txn_520,2024-01-22 15:00:00,Merchant B,1
upi_id_39,1342,txn_521,2024-01-22 16:00:00,Merchant C,0
upi_id_100,44624,txn_522,2024-01-22 17:00:00,Merchant A,1
upi_id_33,24792,txn_523,2024-01-22 18:00:00,Merchant B,1
upi_id_94,339,txn_524,2024-01-22 19:00:00,Merchant B,0
upi_id_23,5896,txn_525,2024-01-22 20:00:00,Merchant B,0
upi_id_10,12255,txn_526,2024-01-22 21:00:00,Merchant A,0
upi_id_69,11345,txn_527,2024-01-22 22:00:00,Merchant C,0
upi_id_100,1751,txn_528,2024-01-22 23:00:00,Merchant B,0
upi_id_34,2422,txn_529,2024-01-23 00:00:00,Merchant B,0
upi_id_52,39888,txn_530,2024-01-23 01:00:00,Merchant B,1
upi_id_95,5320,txn_531,2024-01-23 02:00:00,Merchant B,0
upi_id_10,15897,txn_532,2024-01-23 03:00:00,Merchant B,0
upi_id_19,11919,txn_533,2024-01-23 04:00:00,Merchant C,0
upi_id_58,25065,txn_534,2024-01-23 05:00:00,Merchant C,1
upi_id_96,46618,txn_535,2024-01-23 06:00:00,Merchant B,1
upi_id_1,27936,txn_536,2024-01-23 07:00:00,Merchant A,1
upi_id_69,37642,txn_537,2024-01-23 08:00:00,Merchant C,1
upi_id_4,29712,txn_538,2024-01-23 09:00:00,Merchant A,1
upi_id_16,4807,txn_539,2024-01-23 10:00:00,Merchant C,0
upi_id_24,41361,txn_540,2024-01-23 11:00:00,Merchant B,1
upi_id_80,12183,txn_541,2024-01-23 12:00:00,Merchant C,0
upi_id_2,22298,txn_542,2024-01-23 13:00:00,Merchant B,1
upi_id_92,19542,txn_543,2024-01-23 14:00:00,Merchant C,0
upi_id_32,28922,txn_544,2024-01-23 15:00:00,Merchant B,1
upi_id_91,16775,txn_545,2024-01-23 16:00:00,Merchant B,0
upi_id_84,44814,txn_546,2024-01-23 17:00:00,Merchant B,1
upi_id_24,37199,txn_547,2024-01-23 18:00:00,Merchant B,1
upi_id_12,8821,txn_548,2024-01-23 19:00:00,Merchant A,0
upi_id_50,24071,txn_549,2024-01-23 20:00:00,Merchant B,1
upi_id_35,4233,txn_550,2024-01-23 21:00:00,Merchant A,0
upi_id_33,11123,txn_551,2024-01-23 22:00:00,Merchant A,0
upi_id_33,15024,txn_552,2024-01-23 23:00:00,Merchant B,0
upi_id_61,8008,txn_553,2024-01-24 00:00:00,Merchant A,0
upi_id_51,17906,txn_554,2024-01-24 01:00:00,Merchant C,0
upi_id_43,41787,txn_555,2024-01-24 02:00:00,Merchant B,1
upi_id_12,29399,txn_556,2024-01-24 03:00:00,Merchant A,1
upi_id_67,34269,txn_557,2024-01-24 04:00:00,Merchant B,1
upi_id_65,6738,txn_558,2024-01-24 05:00:00,Merchant B,0
upi_id_33,36063,txn_559,2024-01-24 06:00:00,Merchant B,1
upi_id_40,25511,txn_560,2024-01-24 07:00:00,Merchant A,1
upi_id_74,19427,txn_561,2024-01-24 08:00:00,Merchant C,0
upi_id_43,37266,txn_562,2024-01-24 09:00:00,Merchant C,1
upi_id_44,17851,txn_563,2024-01-24 10:00:00,Merchant A,0
upi_id_29,615,txn_564,2024-01-24 11:00:00,Merchant B,0
upi_id_13,21777,txn_565,2024-01-24 12:00:00,Merchant A,1
upi_id_12,24078,txn_566,2024-01-24 13:00:00,Merchant A,1
upi_id_95,9375,txn_567,2024-01-24 14:00:00,Merchant A,0
upi_id_46,35436,txn_568,2024-01-24 15:00:00,Merchant B,1
upi_id_2,30908,txn_569,2024-01-24 16:00:00,Merchant A,1
upi_id_35,13410,txn_570,2024-01-24 17:00:00,Merchant B,0
upi_id_87,16515,txn_571,2024-01-24 18:00:00,Merchant A,0
upi_id_81,29867,txn_572,2024-01-24 19:00:00,Merchant C,1
upi_id_90,2984,txn_573,2024-01-24 20:00:00,Merchant A,0
upi_id_8,31706,txn_574,2024-01-24 21:00:00,Merchant A,1
upi_id_93,20663,txn_575,2024-01-24 22:00:00,Merchant C,1
upi_id_26,23511,txn_576,2024-01-24 23:00:00,Merchant B,1
upi_id_74,12652,txn_577,2024-01-25 00:00:00,Merchant B,0
upi_id_90,40999,txn_578,2024-01-25 01:00:00,Merchant A,1
upi_id_34,28536,txn_579,2024-01-25 02:00:00,Merchant C,1
upi_id_7,6641,txn_580,2024-01-25 03:00:00,Merchant B,0
upi_id_68,44548,txn_581,2024-01-25 04:00:00,Merchant A,1
upi_id_58,15318,txn_582,2024-01-25 05:00:00,Merchant C,0
upi_id_75,7565,txn_583,2024-01-25 06:00:00,Merchant B,0
upi_id_29,27346,txn_584,2024-01-25 07:00:00,Merchant B,1
upi_id_36,48289,txn_585,2024-01-25 08:00:00,Merchant C,1
upi_id_89,28688,txn_586,2024-01-25 09:00:00,Merchant C,1
upi_id_21,13738,txn_587,2024-01-25 10:00:00,Merchant C,0
upi_id_36,9324,txn_588,2024-01-25 11:00:00,Merchant C,0
upi_id_10,15230,txn_589,2024-01-25 12:00:00,Merchant A,0
upi_id_73,44482,txn_590,2024-01-25 13:00:00,Merchant C,1
upi_id_24,8503,txn_591,2024-01-25 14:00:00,Merchant B,0
upi_id_64,546,txn_592,2024-01-25 15:00:00,Merchant B,0
upi_id_99,37115,txn_593,2024-01-25 16:00:00,Merchant A,1
upi_id_49,29431,txn_594,2024-01-25 17:00:00,Merchant B,1
upi_id_99,9997,txn_595,2024-01-25 18:00:00,Merchant B,0
upi_id_36,27789,txn_596,2024-01-25 19:00:00,Merchant C,1
upi_id_82,29970,txn_597,2024-01-25 20:00:00,Merchant B,1
upi_id_96,48544,txn_598,2024-01-25 21:00:00,Merchant A,1
upi_id_24,13920,txn_599,2024-01-25 22:00:00,Merchant C,0
upi_id_23,3811,txn_600,2024-01-25 23:00:00,Merchant C,0
upi_id_62,30587,txn_601,2024-01-26 00:00:00,Merchant A,1
upi_id_96,39975,txn_602,2024-01-26 01:00:00,Merchant C,1
upi_id_37,41774,txn_603,2024-01-26 02:00:00,Merchant C,1
upi_id_12,16372,txn_604,2024-01-26 03:00:00,Merchant A,0
upi_id_55,45085,txn_605,2024-01-26 04:00:00,Merchant C,1
upi_id_13,29630,txn_606,2024-01-26 05:00:00,Merchant A,1
upi_id_23,8437,txn_607,2024-01-26 06:00:00,Merchant A,0
upi_id_89,12985,txn_608,2024-01-26 07:00:00,Merchant B,0
upi_id_99,33040,txn_609,2024-01-26 08:00:00,Merchant B,1
upi_id_30,19896,txn_610,2024-01-26 09:00:00,Merchant C,0
upi_id_17,18156,txn_611,2024-01-26 10:00:00,Merchant C,0
upi_id_62,10617,txn_612,2024-01-26 11:00:00,Merchant A,0
upi_id_84,37130,txn_613,2024-01-26 12:00:00,Merchant C,1
upi_id_89,39838,txn_614,2024-01-26 13:00:00,Merchant A,1
upi_id_86,24575,txn_615,2024-01-26 14:00:00,Merchant A,1
upi_id_13,3431,txn_616,2024-01-26 15:00:00,Merchant C,0
upi_id_59,12677,txn_617,2024-01-26 16:00:00,Merchant A,0
upi_id_19,10817,txn_618,2024-01-26 17:00:00,Merchant B,0
upi_id_49,32734,txn_619,2024-01-26 18:00:00,Merchant C,1
upi_id_100,20145,txn_620,2024-01-26 19:00:00,Merchant B,1
upi_id_12,2051,txn_621,2024-01-26 20:00:00,Merchant C,0
upi_id_61,44461,txn_622,2024-01-26 21:00:00,Merchant A,1
upi_id_19,33934,txn_623,2024-01-26 22:00:00,Merchant C,1
upi_id_76,24952,txn_624,2024-01-26 23:00:00,Merchant B,1
upi_id_9,32414,txn_625,2024-01-27 00:00:00,Merchant A,1
upi_id_71,34802,txn_626,2024-01-27 01:00:00,Merchant C,1
upi_id_28,32914,txn_627,2024-01-27 02:00:00,Merchant C,1
upi_id_78,47038,txn_628,2024-01-27 03:00:00,Merchant C,1
upi_id_95,40601,txn_629,2024-01-27 04:00:00,Merchant B,1
upi_id_52,25281,txn_630,2024-01-27 05:00:00,Merchant B,1
upi_id_83,24558,txn_631,2024-01-27 06:00:00,Merchant C,1
upi_id_16,47055,txn_632,2024-01-27 07:00:00,Merchant A,1
upi_id_69,35401,txn_633,2024-01-27 08:00:00,Merchant A,1
upi_id_99,4495,txn_634,2024-01-27 09:00:00,Merchant B,0
upi_id_12,15153,txn_635,2024-01-27 10:00:00,Merchant A,0
upi_id_25,23896,txn_636,2024-01-27 11:00:00,Merchant B,1
upi_id_52,9156,txn_637,2024-01-27 12:00:00,Merchant C,0
upi_id_85,31884,txn_638,2024-01-27 13:00:00,Merchant B,1
upi_id_100,43195,txn_639,2024-01-27 14:00:00,Merchant B,1
upi_id_53,43002,txn_640,2024-01-27 15:00:00,Merchant C,1
upi_id_23,1829,txn_641,2024-01-27 16:00:00,Merchant A,0
upi_id_16,45029,txn_642,2024-01-27 17:00:00,Merchant B,1
upi_id_57,41899,txn_643,2024-01-27 18:00:00,Merchant B,1
upi_id_39,32124,txn_644,2024-01-27 19:00:00,Merchant C,1
upi_id_53,37574,txn_645,2024-01-27 20:00:00,Merchant A,1
upi_id_42,807,txn_646,2024-01-27 21:00:00,Merchant B,0
upi_id_58,40971,txn_647,2024-01-27 22:00:00,Merchant C,1
upi_id_39,29758,txn_648,2024-01-27 23:00:00,Merchant B,1
upi_id_14,34637,txn_649,2024-01-28 00:00:00,Merchant C,1
upi_id_95,14562,txn_650,2024-01-28 01:00:00,Merchant A,0
upi_id_5,48281,txn_651,2024-01-28 02:00:00,Merchant A,1
upi_id_35,24263,txn_652,2024-01-28 03:00:00,Merchant A,1
upi_id_87,14900,txn_653,2024-01-28 04:00:00,Merchant A,0
upi_id_93,48989,txn_654,2024-01-28 05:00:00,Merchant B,1
upi_id_75,15935,txn_655,2024-01-28 06:00:00,Merchant B,0
upi_id_18,38198,txn_656,2024-01-28 07:00:00,Merchant A,1
upi_id_76,41845,txn_657,2024-01-28 08:00:00,Merchant A,1
upi_id_9,36333,txn_658,2024-01-28 09:00:00,Merchant A,1
upi_id_74,34158,txn_659,2024-01-28 10:00:00,Merchant B,1
upi_id_58,11594,txn_660,2024-01-28 11:00:00,Merchant A,0
upi_id_17,40043,txn_661,2024-01-28 12:00:00,Merchant A,1
upi_id_7,49977,txn_662,2024-01-28 13:00:00,Merchant A,1
upi_id_46,17321,txn_663,2024-01-28 14:00:00,Merchant C,0
upi_id_13,27377,txn_664,2024-01-28 15:00:00,Merchant A,1
upi_id_40,43514,txn_665,2024-01-28 16:00:00,Merchant C,1
upi_id_42,14200,txn_666,2024-01-28 17:00:00,Merchant C,0
upi_id_9,15877,txn_667,2024-01-28 18:00:00,Merchant A,0
upi_id_50,8246,txn_668,2024-01-28 19:00:00,Merchant C,0
upi_id_27,7215,txn_669,2024-01-28 20:00:00,Merchant A,0
upi_id_66,727,txn_670,2024-01-28 21:00:00,Merchant B,0
upi_id_5,46601,txn_671,2024-01-28 22:00:00,Merchant B,1
upi_id_29,11363,txn_672,2024-01-28 23:00:00,Merchant B,0
upi_id_37,18298,txn_673,2024-01-29 00:00:00,Merchant B,0
upi_id_38,30449,txn_674,2024-01-29 01:00:00,Merchant C,1
upi_id_83,26173,txn_675,2024-01-29 02:00:00,Merchant A,1
upi_id_8,42875,txn_676,2024-01-29 03:00:00,Merchant A,1
upi_id_65,7658,txn_677,2024-01-29 04:00:00,Merchant A,0
upi_id_86,18851,txn_678,2024-01-29 05:00:00,Merchant B,0
upi_id_17,25426,txn_679,2024-01-29 06:00:00,Merchant B,1
upi_id_71,26686,txn_680,2024-01-29 07:00:00,Merchant A,1
upi_id_89,47320,txn_681,2024-01-29 08:00:00,Merchant B,1
upi_id_45,24579,txn_682,2024-01-29 09:00:00,Merchant A,1
upi_id_4,28832,txn_683,2024-01-29 10:00:00,Merchant A,1
upi_id_36,7907,txn_684,2024-01-29 11:00:00,Merchant A,0
upi_id_70,7288,txn_685,2024-01-29 12:00:00,Merchant A,0
upi_id_31,33661,txn_686,2024-01-29 13:00:00,Merchant A,1
upi_id_19,10223,txn_687,2024-01-29 14:00:00,Merchant A,0
upi_id_61,37444,txn_688,2024-01-29 15:00:00,Merchant A,1
upi_id_54,34702,txn_689,2024-01-29 16:00:00,Merchant B,1
upi_id_39,17765,txn_690,2024-01-29 17:00:00,Merchant A,0
upi_id_91,44642,txn_691,2024-01-29 18:00:00,Merchant A,1
upi_id_74,17675,txn_692,2024-01-29 19:00:00,Merchant B,0
upi_id_90,18025,txn_693,2024-01-29 20:00:00,Merchant B,0
upi_id_19,46008,txn_694,2024-01-29 21:00:00,Merchant B,1
upi_id_39,23875,txn_695,2024-01-29 22:00:00,Merchant A,1
upi_id_67,43643,txn_696,2024-01-29 23:00:00,Merchant C,1
upi_id_45,32285,txn_697,2024-01-30 00:00:00,Merchant C,1
upi_id_13,17603,txn_698,2024-01-30 01:00:00,Merchant B,0
upi_id_92,37785,txn_699,2024-01-30 02:00:00,Merchant C,1
upi_id_58,23266,txn_700,2024-01-30 03:00:00,Merchant B,1
upi_id_20,25932,txn_701,2024-01-30 04:00:00,Merchant A,1
upi_id_92,28842,txn_702,2024-01-30 05:00:00,Merchant C,1
upi_id_72,29193,txn_703,2024-01-30 06:00:00,Merchant A,1
upi_id_61,46543,txn_704,2024-01-30 07:00:00,Merchant C,1
upi_id_39,42521,txn_705,2024-01-30 08:00:00,Merchant A,1
upi_id_1,15586,txn_706,2024-01-30 09:00:00,Merchant C,0
upi_id_3,25560,txn_707,2024-01-30 10:00:00,Merchant A,1
upi_id_77,40060,txn_708,2024-01-30 11:00:00,Merchant A,1
upi_id_92,33743,txn_709,2024-01-30 12:00:00,Merchant C,1
upi_id_62,4134,txn_710,2024-01-30 13:00:00,Merchant A,0
upi_id_63,14664,txn_711,2024-01-30 14:00:00,Merchant A,0
upi_id_25,21755,txn_712,2024-01-30 15:00:00,Merchant A,1
upi_id_56,3973,txn_713,2024-01-30 16:00:00,Merchant C,0
upi_id_33,5296,txn_714,2024-01-30 17:00:00,Merchant C,0
upi_id_38,46682,txn_715,2024-01-30 18:00:00,Merchant A,1
upi_id_6,41874,txn_716,2024-01-30 19:00:00,Merchant A,1
upi_id_58,29126,txn_717,2024-01-30 20:00:00,Merchant C,1
upi_id_44,40997,txn_718,2024-01-30 21:00:00,Merchant C,1
upi_id_45,9904,txn_719,2024-01-30 22:00:00,Merchant A,0
upi_id_32,3021,txn_720,2024-01-30 23:00:00,Merchant A,0
upi_id_45,41756,txn_721,2024-01-31 00:00:00,Merchant A,1
upi_id_61,20421,txn_722,2024-01-31 01:00:00,Merchant B,1
upi_id_47,21453,txn_723,2024-01-31 02:00:00,Merchant C,1
upi_id_21,45649,txn_724,2024-01-31 03:00:00,Merchant B,1
upi_id_80,38002,txn_725,2024-01-31 04:00:00,Merchant C,1
upi_id_85,9517,txn_726,2024-01-31 05:00:00,Merchant C,0
upi_id_75,47328,txn_727,2024-01-31 06:00:00,Merchant C,1
upi_id_36,49470,txn_728,2024-01-31 07:00:00,Merchant C,1
upi_id_99,2397,txn_729,2024-01-31 08:00:00,Merchant C,0
upi_id_19,18547,txn_730,2024-01-31 09:00:00,Merchant C,0
upi_id_20,19130,txn_731,2024-01-31 10:00:00,Merchant C,0
upi_id_57,1592,txn_732,2024-01-31 11:00:00,Merchant B,0
upi_id_18,11304,txn_733,2024-01-31 12:00:00,Merchant A,0
upi_id_47,30562,txn_734,2024-01-31 13:00:00,Merchant A,1
upi_id_49,6184,txn_735,2024-01-31 14:00:00,Merchant B,0
upi_id_14,26573,txn_736,2024-01-31 15:00:00,Merchant B,1
upi_id_15,34081,txn_737,2024-01-31 16:00:00,Merchant B,1
upi_id_31,20696,txn_738,2024-01-31 17:00:00,Merchant B,1
upi_id_1,7315,txn_739,2024-01-31 18:00:00,Merchant C,0
upi_id_54,19624,txn_740,2024-01-31 19:00:00,Merchant A,0
upi_id_3,2140,txn_741,2024-01-31 20:00:00,Merchant C,0
upi_id_16,47457,txn_742,2024-01-31 21:00:00,Merchant A,1
upi_id_87,31291,txn_743,2024-01-31 22:00:00,Merchant A,1
upi_id_57,18089,txn_744,2024-01-31 23:00:00,Merchant B,0
upi_id_75,39693,txn_745,2024-02-01 00:00:00,Merchant C,1
upi_id_12,33131,txn_746,2024-02-01 01:00:00,Merchant B,1
upi_id_74,32089,txn_747,2024-02-01 02:00:00,Merchant C,1
upi_id_96,26293,txn_748,2024-02-01 03:00:00,Merchant A,1
upi_id_16,46250,txn_749,2024-02-01 04:00:00,Merchant B,1
upi_id_72,20671,txn_750,2024-02-01 05:00:00,Merchant B,1
upi_id_76,3739,txn_751,2024-02-01 06:00:00,Merchant A,0
upi_id_24,2470,txn_752,2024-02-01 07:00:00,Merchant A,0
upi_id_28,22535,txn_753,2024-02-01 08:00:00,Merchant A,1
upi_id_8,48875,txn_754,2024-02-01 09:00:00,Merchant B,1
upi_id_92,49709,txn_755,2024-02-01 10:00:00,Merchant C,1
upi_id_36,9018,txn_756,2024-02-01 11:00:00,Merchant B,0
upi_id_90,2809,txn_757,2024-02-01 12:00:00,Merchant C,0
upi_id_8,49139,txn_758,2024-02-01 13:00:00,Merchant B,1
upi_id_58,47639,txn_759,2024-02-01 14:00:00,Merchant B,1
upi_id_60,12714,txn_760,2024-02-01 15:00:00,Merchant A,0
upi_id_50,40330,txn_761,2024-02-01 16:00:00,Merchant C,1
upi_id_28,2720,txn_762,2024-02-01 17:00:00,Merchant B,0
upi_id_92,22891,txn_763,2024-02-01 18:00:00,Merchant B,1
upi_id_41,11701,txn_764,2024-02-01 19:00:00,Merchant A,0
upi_id_100,36510,txn_765,2024-02-01 20:00:00,Merchant A,1
upi_id_64,42535,txn_766,2024-02-01 21:00:00,Merchant C,1
upi_id_27,36767,txn_767,2024-02-01 22:00:00,Merchant B,1
upi_id_63,26706,txn_768,2024-02-01 23:00:00,Merchant C,1
upi_id_17,18788,txn_769,2024-02-02 00:00:00,Merchant B,0
upi_id_73,48846,txn_770,2024-02-02 01:00:00,Merchant C,1
upi_id_33,26589,txn_771,2024-02-02 02:00:00,Merchant A,1
upi_id_84,26124,txn_772,2024-02-02 03:00:00,Merchant B,1
upi_id_77,33063,txn_773,2024-02-02 04:00:00,Merchant C,1
upi_id_92,10178,txn_774,2024-02-02 05:00:00,Merchant A,0
upi_id_29,21728,txn_775,2024-02-02 06:00:00,Merchant A,1
upi_id_13,30221,txn_776,2024-02-02 07:00:00,Merchant C,1
upi_id_46,9883,txn_777,2024-02-02 08:00:00,Merchant B,0
upi_id_35,1137,txn_778,2024-02-02 09:00:00,Merchant B,0
upi_id_6,34833,txn_779,2024-02-02 10:00:00,Merchant A,1
upi_id_82,31967,txn_780,2024-02-02 11:00:00,Merchant B,1
upi_id_69,7010,txn_781,2024-02-02 12:00:00,Merchant B,0
upi_id_47,12988,txn_782,2024-02-02 13:00:00,Merchant B,0
upi_id_25,37312,txn_783,2024-02-02 14:00:00,Merchant A,1
upi_id_66,31576,txn_784,2024-02-02 15:00:00,Merchant C,1
upi_id_10,1008,txn_785,2024-02-02 16:00:00,Merchant B,0
upi_id_56,5446,txn_786,2024-02-02 17:00:00,Merchant A,0
upi_id_30,10707,txn_787,2024-02-02 18:00:00,Merchant A,0
upi_id_5,47518,txn_788,2024-02-02 19:00:00,Merchant C,1
upi_id_33,44487,txn_789,2024-02-02 20:00:00,Merchant B,1
upi_id_65,29258,txn_790,2024-02-02 21:00:00,Merchant B,1
upi_id_18,21737,txn_791,2024-02-02 22:00:00,Merchant C,1
upi_id_96,42208,txn_792,2024-02-02 23:00:00,Merchant C,1
upi_id_49,13282,txn_793,2024-02-03 00:00:00,Merchant A,0
upi_id_11,1436,txn_794,2024-02-03 01:00:00,Merchant A,0
upi_id_85,33340,txn_795,2024-02-03 02:00:00,Merchant C,1
upi_id_26,35151,txn_796,2024-02-03 03:00:00,Merchant B,1
upi_id_63,25822,txn_797,2024-02-03 04:00:00,Merchant A,1
upi_id_89,26661,txn_798,2024-02-03 05:00:00,Merchant A,1
upi_id_86,5085,txn_799,2024-02-03 06:00:00,Merchant B,0
upi_id_59,16662,txn_800,2024-02-03 07:00:00,Merchant A,0
upi_id_27,13508,txn_801,2024-02-03 08:00:00,Merchant B,0
upi_id_49,7060,txn_802,2024-02-03 09:00:00,Merchant B,0
upi_id_77,18272,txn_803,2024-02-03 10:00:00,Merchant B,0
upi_id_33,45540,txn_804,2024-02-03 11:00:00,Merchant C,1
upi_id_98,7492,txn_805,2024-02-03 12:00:00,Merchant C,0
upi_id_99,47296,txn_806,2024-02-03 13:00:00,Merchant C,1
upi_id_1,14860,txn_807,2024-02-03 14:00:00,Merchant B,0
upi_id_21,8074,txn_808,2024-02-03 15:00:00,Merchant B,0
upi_id_55,9078,txn_809,2024-02-03 16:00:00,Merchant C,0
upi_id_6,20954,txn_810,2024-02-03 17:00:00,Merchant A,1
upi_id_92,11384,txn_811,2024-02-03 18:00:00,Merchant B,0
upi_id_81,49147,txn_812,2024-02-03 19:00:00,Merchant A,1
upi_id_69,2354,txn_813,2024-02-03 20:00:00,Merchant A,0
upi_id_95,23822,txn_814,2024-02-03 21:00:00,Merchant B,1
upi_id_5,37568,txn_815,2024-02-03 22:00:00,Merchant B,1
upi_id_3,49839,txn_816,2024-02-03 23:00:00,Merchant A,1
upi_id_53,24861,txn_817,2024-02-04 00:00:00,Merchant A,1
upi_id_23,21196,txn_818,2024-02-04 01:00:00,Merchant C,1
upi_id_53,11940,txn_819,2024-02-04 02:00:00,Merchant C,0
upi_id_37,25339,txn_820,2024-02-04 03:00:00,Merchant B,1
upi_id_74,21731,txn_821,2024-02-04 04:00:00,Merchant C,1
upi_id_74,21428,txn_822,2024-02-04 05:00:00,Merchant C,1
upi_id_83,35197,txn_823,2024-02-04 06:00:00,Merchant C,1
upi_id_17,27084,txn_824,2024-02-04 07:00:00,Merchant C,1
upi_id_85,21511,txn_825,2024-02-04 08:00:00,Merchant A,1
upi_id_78,44065,txn_826,2024-02-04 09:00:00,Merchant B,1
upi_id_73,7814,txn_827,2024-02-04 10:00:00,Merchant C,0
upi_id_1,31599,txn_828,2024-02-04 11:00:00,Merchant A,1
upi_id_51,47183,txn_829,2024-02-04 12:00:00,Merchant A,1
upi_id_45,27571,txn_830,2024-02-04 13:00:00,Merchant A,1
upi_id_77,27083,txn_831,2024-02-04 14:00:00,Merchant C,1
upi_id_4,29242,txn_832,2024-02-04 15:00:00,Merchant C,1
upi_id_62,30679,txn_833,2024-02-04 16:00:00,Merchant B,1
upi_id_65,44570,txn_834,2024-02-04 17:00:00,Merchant C,1
upi_id_32,11746,txn_835,2024-02-04 18:00:00,Merchant C,0
upi_id_34,26030,txn_836,2024-02-04 19:00:00,Merchant A,1
upi_id_92,13026,txn_837,2024-02-04 20:00:00,Merchant B,0
upi_id_95,36125,txn_838,2024-02-04 21:00:00,Merchant C,1
upi_id_72,14289,txn_839,2024-02-04 22:00:00,Merchant C,0
upi_id_39,23651,txn_840,2024-02-04 23:00:00,Merchant A,1
upi_id_26,6541,txn_841,2024-02-05 00:00:00,Merchant A,0
upi_id_34,32233,txn_842,2024-02-05 01:00:00,Merchant C,1
upi_id_54,16423,txn_843,2024-02-05 02:00:00,Merchant B,0
upi_id_3,3343,txn_844,2024-02-05 03:00:00,Merchant B,0
upi_id_50,41847,txn_845,2024-02-05 04:00:00,Merchant A,1
upi_id_12,35613,txn_846,2024-02-05 05:00:00,Merchant A,1
upi_id_65,10397,txn_847,2024-02-05 06:00:00,Merchant C,0
upi_id_54,17483,txn_848,2024-02-05 07:00:00,Merchant A,0
upi_id_5,23412,txn_849,2024-02-05 08:00:00,Merchant C,1
upi_id_94,46767,txn_850,2024-02-05 09:00:00,Merchant B,1
upi_id_94,13262,txn_851,2024-02-05 10:00:00,Merchant B,0
upi_id_57,3094,txn_852,2024-02-05 11:00:00,Merchant C,0
upi_id_17,11723,txn_853,2024-02-05 12:00:00,Merchant A,0
upi_id_47,22043,txn_854,2024-02-05 13:00:00,Merchant B,1
upi_id_23,44414,txn_855,2024-02-05 14:00:00,Merchant A,1
upi_id_79,47852,txn_856,2024-02-05 15:00:00,Merchant B,1
upi_id_85,28088,txn_857,2024-02-05 16:00:00,Merchant C,1
upi_id_14,32348,txn_858,2024-02-05 17:00:00,Merchant C,1
upi_id_66,33757,txn_859,2024-02-05 18:00:00,Merchant C,1
upi_id_75,39215,txn_860,2024-02-05 19:00:00,Merchant B,1
upi_id_51,16336,txn_861,2024-02-05 20:00:00,Merchant A,0
upi_id_38,28603,txn_862,2024-02-05 21:00:00,Merchant A,1
upi_id_64,48902,txn_863,2024-02-05 22:00:00,Merchant A,1
upi_id_98,34451,txn_864,2024-02-05 23:00:00,Merchant B,1
upi_id_38,32197,txn_865,2024-02-06 00:00:00,Merchant B,1
upi_id_50,5627,txn_866,2024-02-06 01:00:00,Merchant B,0
upi_id_98,7425,txn_867,2024-02-06 02:00:00,Merchant B,0
upi_id_82,12858,txn_868,2024-02-06 03:00:00,Merchant B,0
upi_id_30,44924,txn_869,2024-02-06 04:00:00,Merchant A,1
upi_id_79,19983,txn_870,2024-02-06 05:00:00,Merchant B,0
upi_id_91,11426,txn_871,2024-02-06 06:00:00,Merchant B,0
upi_id_51,1981,txn_872,2024-02-06 07:00:00,Merchant A,0
upi_id_63,48291,txn_873,2024-02-06 08:00:00,Merchant B,1
upi_id_98,26432,txn_874,2024-02-06 09:00:00,Merchant A,1
upi_id_52,19441,txn_875,2024-02-06 10:00:00,Merchant A,0
upi_id_38,41753,txn_876,2024-02-06 11:00:00,Merchant C,1
upi_id_97,17176,txn_877,2024-02-06 12:00:00,Merchant C,0
upi_id_88,48652,txn_878,2024-02-06 13:00:00,Merchant C,1
upi_id_79,26386,txn_879,2024-02-06 14:00:00,Merchant C,1
upi_id_30,38159,txn_880,2024-02-06 15:00:00,Merchant B,1
upi_id_51,23020,txn_881,2024-02-06 16:00:00,Merchant C,1
upi_id_81,18640,txn_882,2024-02-06 17:00:00,Merchant A,0
upi_id_5,19995,txn_883,2024-02-06 18:00:00,Merchant B,0
upi_id_29,34376,txn_884,2024-02-06 19:00:00,Merchant C,1
upi_id_4,21564,txn_885,2024-02-06 20:00:00,Merchant A,1
upi_id_10,39342,txn_886,2024-02-06 21:00:00,Merchant B,1
upi_id_56,5777,txn_887,2024-02-06 22:00:00,Merchant B,0
upi_id_17,36445,txn_888,2024-02-06 23:00:00,Merchant C,1
upi_id_74,3381,txn_889,2024-02-07 00:00:00,Merchant B,0
upi_id_17,8712,txn_890,2024-02-07 01:00:00,Merchant A,0
upi_id_84,8783,txn_891,2024-02-07 02:00:00,Merchant B,0
upi_id_88,17435,txn_892,2024-02-07 03:00:00,Merchant A,0
upi_id_69,46766,txn_893,2024-02-07 04:00:00,Merchant B,1
upi_id_34,20018,txn_894,2024-02-07 05:00:00,Merchant C,1
upi_id_6,30708,txn_895,2024-02-07 06:00:00,Merchant A,1
upi_id_53,39111,txn_896,2024-02-07 07:00:00,Merchant B,1
upi_id_66,17344,txn_897,2024-02-07 08:00:00,Merchant B,0
upi_id_77,38828,txn_898,2024-02-07 09:00:00,Merchant B,1
upi_id_43,41653,txn_899,2024-02-07 10:00:00,Merchant A,1
upi_id_75,5656,txn_900,2024-02-07 11:00:00,Merchant A,0
upi_id_23,44860,txn_901,2024-02-07 12:00:00,Merchant A,1
upi_id_55,15252,txn_902,2024-02-07 13:00:00,Merchant C,0
upi_id_80,527,txn_903,2024-02-07 14:00:00,Merchant C,0
upi_id_95,3225,txn_904,2024-02-07 15:00:00,Merchant A,0
upi_id_75,47838,txn_905,2024-02-07 16:00:00,Merchant B,1
upi_id_16,11537,txn_906,2024-02-07 17:00:00,Merchant C,0
upi_id_8,28542,txn_907,2024-02-07 18:00:00,Merchant A,1
upi_id_4,13548,txn_908,2024-02-07 19:00:00,Merchant B,0
upi_id_4,34532,txn_909,2024-02-07 20:00:00,Merchant C,1
upi_id_56,8713,txn_910,2024-02-07 21:00:00,Merchant B,0
upi_id_25,38566,txn_911,2024-02-07 22:00:00,Merchant B,1
upi_id_67,9209,txn_912,2024-02-07 23:00:00,Merchant B,0
upi_id_96,5110,txn_913,2024-02-08 00:00:00,Merchant B,0
upi_id_67,49269,txn_914,2024-02-08 01:00:00,Merchant C,1
upi_id_27,35202,txn_915,2024-02-08 02:00:00,Merchant C,1
upi_id_93,16968,txn_916,2024-02-08 03:00:00,Merchant C,0
upi_id_32,29760,txn_917,2024-02-08 04:00:00,Merchant A,1
upi_id_50,20173,txn_918,2024-02-08 05:00:00,Merchant C,1
upi_id_61,36936,txn_919,2024-02-08 06:00:00,Merchant B,1
upi_id_51,26590,txn_920,2024-02-08 07:00:00,Merchant C,1
upi_id_19,30016,txn_921,2024-02-08 08:00:00,Merchant B,1
upi_id_21,29010,txn_922,2024-02-08 09:00:00,Merchant A,1
upi_id_5,17774,txn_923,2024-02-08 10:00:00,Merchant B,0
upi_id_82,41126,txn_924,2024-02-08 11:00:00,Merchant B,1
upi_id_92,26144,txn_925,2024-02-08 12:00:00,Merchant B,1
upi_id_42,6155,txn_926,2024-02-08 13:00:00,Merchant A,0
upi_id_61,21805,txn_927,2024-02-08 14:00:00,Merchant C,1
upi_id_22,41689,txn_928,2024-02-08 15:00:00,Merchant C,1
upi_id_21,20582,txn_929,2024-02-08 16:00:00,Merchant A,1
upi_id_70,30088,txn_930,2024-02-08 17:00:00,Merchant B,1
upi_id_1,49931,txn_931,2024-02-08 18:00:00,Merchant C,1
upi_id_5,32982,txn_932,2024-02-08 19:00:00,Merchant A,1
upi_id_12,3763,txn_933,2024-02-08 20:00:00,Merchant C,0
upi_id_90,46168,txn_934,2024-02-08 21:00:00,Merchant A,1
upi_id_46,9769,txn_935,2024-02-08 22:00:00,Merchant B,0
upi_id_34,43409,txn_936,2024-02-08 23:00:00,Merchant C,1
upi_id_49,39500,txn_937,2024-02-09 00:00:00,Merchant A,1
upi_id_78,38560,txn_938,2024-02-09 01:00:00,Merchant C,1
upi_id_90,48591,txn_939,2024-02-09 02:00:00,Merchant C,1
upi_id_45,8784,txn_940,2024-02-09 03:00:00,Merchant C,0
upi_id_27,46390,txn_941,2024-02-09 04:00:00,Merchant C,1
upi_id_73,29782,txn_942,2024-02-09 05:00:00,Merchant A,1
upi_id_26,30812,txn_943,2024-02-09 06:00:00,Merchant B,1
upi_id_47,48788,txn_944,2024-02-09 07:00:00,Merchant A,1
upi_id_86,35489,txn_945,2024-02-09 08:00:00,Merchant A,1
upi_id_56,8906,txn_946,2024-02-09 09:00:00,Merchant A,0
upi_id_94,9128,txn_947,2024-02-09 10:00:00,Merchant B,0
upi_id_63,22432,txn_948,2024-02-09 11:00:00,Merchant C,1
upi_id_48,49154,txn_949,2024-02-09 12:00:00,Merchant C,1
upi_id_61,6369,txn_950,2024-02-09 13:00:00,Merchant C,0
upi_id_81,27425,txn_951,2024-02-09 14:00:00,Merchant B,1
upi_id_26,46825,txn_952,2024-02-09 15:00:00,Merchant C,1
upi_id_36,45005,txn_953,2024-02-09 16:00:00,Merchant B,1
upi_id_1,18334,txn_954,2024-02-09 17:00:00,Merchant C,0
upi_id_8,23117,txn_955,2024-02-09 18:00:00,Merchant C,1
upi_id_99,47220,txn_956,2024-02-09 19:00:00,Merchant A,1
upi_id_52,43202,txn_957,2024-02-09 20:00:00,Merchant B,1
upi_id_79,15526,txn_958,2024-02-09 21:00:00,Merchant A,0
upi_id_47,23399,txn_959,2024-02-09 22:00:00,Merchant A,1
upi_id_56,32858,txn_960,2024-02-09 23:00:00,Merchant A,1
upi_id_86,10362,txn_961,2024-02-10 00:00:00,Merchant B,0
upi_id_14,16370,txn_962,2024-02-10 01:00:00,Merchant B,0
upi_id_90,3042,txn_963,2024-02-10 02:00:00,Merchant C,0
upi_id_28,106,txn_964,2024-02-10 03:00:00,Merchant A,0
upi_id_87,9079,txn_965,2024-02-10 04:00:00,Merchant C,0
upi_id_78,25004,txn_966,2024-02-10 05:00:00,Merchant A,1
upi_id_88,6091,txn_967,2024-02-10 06:00:00,Merchant B,0
upi_id_2,38851,txn_968,2024-02-10 07:00:00,Merchant B,1
upi_id_26,49787,txn_969,2024-02-10 08:00:00,Merchant B,1
upi_id_14,1926,txn_970,2024-02-10 09:00:00,Merchant A,0
upi_id_59,18441,txn_971,2024-02-10 10:00:00,Merchant B,0
upi_id_56,39686,txn_972,2024-02-10 11:00:00,Merchant A,1
upi_id_7,26016,txn_973,2024-02-10 12:00:00,Merchant C,1
upi_id_3,33321,txn_974,2024-02-10 13:00:00,Merchant A,1
upi_id_23,25292,txn_975,2024-02-10 14:00:00,Merchant C,1
upi_id_18,36680,txn_976,2024-02-10 15:00:00,Merchant A,1
upi_id_38,26290,txn_977,2024-02-10 16:00:00,Merchant C,1
upi_id_99,3390,txn_978,2024-02-10 17:00:00,Merchant B,0
upi_id_15,25684,txn_979,2024-02-10 18:00:00,Merchant C,1
upi_id_64,13630,txn_980,2024-02-10 19:00:00,Merchant B,0
upi_id_89,24827,txn_981,2024-02-10 20:00:00,Merchant B,1
upi_id_28,35199,txn_982,2024-02-10 21:00:00,Merchant C,1
upi_id_74,26631,txn_983,2024-02-10 22:00:00,Merchant A,1
upi_id_39,33227,txn_984,2024-02-10 23:00:00,Merchant A,1
upi_id_57,46164,txn_985,2024-02-11 00:00:00,Merchant A,1
upi_id_17,32976,txn_986,2024-02-11 01:00:00,Merchant A,1
upi_id_86,900,txn_987,2024-02-11 02:00:00,Merchant A,0
upi_id_90,11654,txn_988,2024-02-11 03:00:00,Merchant B,0
upi_id_44,27962,txn_989,2024-02-11 04:00:00,Merchant A,1
upi_id_25,16406,txn_990,2024-02-11 05:00:00,Merchant B,0
upi_id_17,8602,txn_991,2024-02-11 06:00:00,Merchant B,0
upi_id_13,33663,txn_992,2024-02-11 07:00:00,Merchant B,1
upi_id_84,33283,txn_993,2024-02-11 08:00:00,Merchant C,1
upi_id_25,21289,txn_994,2024-02-11 09:00:00,Merchant C,1
upi_id_68,29546,txn_995,2024-02-11 10:00:00,Merchant B,1
upi_id_10,36878,txn_996,2024-02-11 11:00:00,Merchant C,1
upi_id_67,46027,txn_997,2024-02-11 12:00:00,Merchant A,1
upi_id_18,15314,txn_998,2024-02-11 13:00:00,Merchant A,0
upi_id_100,15350,txn_999,2024-02-11 14:00:00,Merchant B,0
upi_id_86,7180,txn_1000,2024-02-11 15:00:00,Merchant A,0
